param_0,param_1,mean,se_mean,std,se_std,p10,se_p10,p25,se_p25,median,se_median,p75,se_p75,p90,se_p90,n_seeds
0.1,0.0009765625,366.761342,4.553920775833506,240.8047841960624,4.774721395249019,68.92,0.7346654567443152,169.04,2.0108754814806913,334.14,3.927500040185431,538.01,8.840774395899485,724.37,14.288496856711081,100
0.1,0.0013810679320049757,377.72156,4.995165989368262,248.82922318266554,5.580213703417291,68.57,0.764391221426528,171.59,2.030330370688823,346.41,4.309399991046118,556.17,8.705786476925459,741.04,16.475031123037386,100
0.1,0.001953125,372.48179400000004,5.516666363827112,242.28195986567087,5.550668880416741,71.29,0.812316179672408,171.3,2.134398408370978,342.34,4.86787490190597,545.87,10.55695141754111,725.19,15.297862100584018,100
0.1,0.0027621358640099515,372.521254,5.1814807230614495,240.53541047627704,5.270915048511733,71.26,0.6869078717283885,175.38,1.8411009003453682,344.43,4.391181590139009,540.15,8.612656589888717,732.56,16.378184060857087,100
0.1,0.00390625,383.49589,5.213353612426167,245.34484879390774,5.303603989504145,74.63,0.8267809060849596,182.89,1.9267335104269143,358.95,4.837759206638352,552.32,8.544770744186591,747.12,16.95239490247006,100
0.1,0.005524271728019903,389.970754,5.230949813679653,247.65285470795473,6.053962652761321,76.94,0.6716209849868804,186.43,1.8392057464508362,366.75,3.8252054807156397,566.75,8.72033933868506,754.62,18.642434379553535,100
0.1,0.0078125,392.372316,4.913474489078137,240.7991790088111,5.252847569787995,81.55,0.7011354427576094,191.6,1.689838914084877,377.94,4.433431760128622,563.39,7.6544289021573535,735.51,16.07516118335076,100
0.1,0.011048543456039806,376.426902,4.9486653128893145,220.71529833344786,5.035406840352599,84.92,0.5833861447955325,194.17,1.697238101068077,365.95,3.7901620391255415,545.86,8.577984741314374,686.64,14.972031298795804,100
0.1,0.015625,350.759942,3.477405648541952,194.49275985134912,3.5620471885261877,86.42,0.5369536217581478,190.6,1.1877319018646721,349.7,2.8862789297997624,503.42,5.673083354532591,616.9,9.896540564839572,100
0.1,0.02209708691207961,315.299278,2.374789745468636,165.49793352621714,2.1766841245933555,89.16,0.5206289902171655,181.34,1.0871350542883926,313.77,2.2789265149640214,448.99,4.560469030459233,540.06,6.051376335640972,100
0.1,0.03125,263.07596,1.650282686687283,129.72295077059027,1.4069584782678706,85.43,0.39625902150135606,159.46,0.7169548398778283,263.39,1.4940890268662108,365.97,2.7827192209467095,438.4,4.055872410481006,100
0.1,0.04419417382415922,204.02406599999998,0.9391348578068642,96.64616357181245,0.8814665342225144,73.87,0.2834331375022042,127.75,0.47426178680581305,201.76,0.927919362571093,279.65,1.7543812400255354,335.77,2.3472681305653333,100
0.1,0.0625,147.202618,0.48970401731505636,68.8219837951001,0.5163110606165183,57.55,0.18055749804704896,92.84,0.2880516227583823,142.48,0.46438402777499277,199.61,0.9567300158520811,242.66,1.3050190601959604,100
0.1,0.08838834764831845,104.858778,0.2716873143727376,46.15921993855256,0.2893290274908607,45.54,0.09365744589575978,68.31,0.16311054688477536,101.28,0.29510484355033667,139.21,0.5176276498008814,168.93,0.7152388878316579,100
0.1,0.125,79.389524,0.12087430365082023,31.585953635678308,0.1284177544909177,39.51,0.059450344274389486,54.66,0.07813482261482715,76.52,0.14666666666666667,102.15,0.23414361473939946,123.37,0.3268011473342618,100
0.1,0.1767766952966369,65.50259,0.06693086035362736,21.94021415188485,0.07886377429004955,37.98,0.03475745687015678,48.61,0.058422010519420774,63.51,0.08586458683722452,81.03,0.1403135018017824,95.97,0.19040361171347395,100
0.1,0.25,58.101328,0.039517712742055774,15.677356716390788,0.05419882132199266,38.61,0.04902071300001973,46.36,0.048241815132442176,56.9,0.04605661864718383,68.77,0.08391313449880264,79.52,0.1290837955075162,100
0.1,0.3535533905932738,54.530102,0.02697072194776845,12.029121464438104,0.04105700631586927,39.57,0.049756985195624305,45.91,0.028762349126466143,53.73,0.04461960433384736,62.55,0.06723244767373875,70.73,0.10035794523463089,100
0.1,0.5,52.736509999999996,0.018335391041547647,9.780678331205875,0.03228032697941046,40.44,0.049888765156985884,45.97,0.017144660799776532,52.15,0.035887028128263665,59.14,0.05128647999524856,65.63,0.07740096311357561,100
0.1,0.7071067811865476,51.843206,0.01428530910418179,8.537465185885665,0.02510400704266768,41.03,0.017144660799776536,45.99,0.01,51.54,0.05009082659620331,57.4,0.0492365963917331,63.0,0.05860327153276884,100
0.1,1.0,51.398452,0.011668089478608206,7.872248486641097,0.022526635497515258,41.41,0.04943110704237103,46.0,0.0,51.0,0.0,56.59,0.04943110704237103,61.71,0.05558685986722932,100
0.125,0.0009765625,247.9192,2.7713007048778673,168.768890059201,3.3209009874200888,44.2,0.4134115273055299,111.56,0.9486108929706776,222.92,2.245474910961504,358.84,4.888612205210114,494.54,8.934536553976566,100
0.125,0.0013810679320049757,242.761222,2.9021069081476556,162.30778866520828,3.5182302506342085,44.14,0.416095365914298,109.86,1.0010116095351953,219.71,2.495988498743251,354.44,5.143031374313375,476.7,9.36370059799484,100
0.125,0.001953125,242.111796,2.743602501997972,160.77487016162283,3.2028606278783562,45.02,0.3954233123623289,110.89,1.0852449334857848,222.01,2.1577904430133144,350.69,4.885263244667269,473.49,8.59803236828407,100
0.125,0.0027621358640099515,245.44992200000002,3.083239257070159,161.66364986911884,3.7582780710461705,45.88,0.40158272730371125,113.31,0.8434770508754432,226.06,2.1661220760808586,354.81,5.015545429920455,484.72,11.202769138192412,100
0.125,0.00390625,255.31420999999997,3.0782893161518046,168.15408419898628,3.8194637692763265,46.9,0.3677669442085915,116.43,1.1000693274755575,235.32,2.52897871349945,374.52,5.319232875503609,498.45,11.24753059317664,100
0.125,0.005524271728019903,255.246558,2.541146400408574,164.65571886979433,3.196032507042644,48.31,0.35976844404885394,120.67,1.041856831126838,238.78,2.275010489486307,370.09,4.434827613289603,491.12,9.572026584234548,100
0.125,0.0078125,255.10987799999998,2.681606076716336,160.08778070340068,3.3408757128879443,50.79,0.3488205234440164,123.86,1.0326997079832485,241.98,1.9446887003873243,369.32,5.357612916366407,482.93,8.753934238184833,100
0.125,0.011048543456039806,250.369658,2.4433944056434393,151.7966998381974,2.7613837865834676,52.05,0.3288716552951404,124.36,0.907713299640054,241.55,1.9455920134571592,362.87,4.271059646627579,463.38,7.2929435938190466,100
0.125,0.015625,239.018824,2.1343102313654767,138.20781683575564,2.2003113345909715,54.57,0.286481617510997,124.95,0.7803618689202122,234.46,1.903076722074286,345.04,3.8207545925596507,431.05,6.38546922095136,100
0.125,0.02209708691207961,222.21760600000002,1.5633939074042495,121.33374485522256,1.5583546897754013,56.19,0.2859310505289093,122.11,0.5663804981519656,221.72,1.3775310955444595,318.82,2.6822416375151965,386.65,4.285808741142862,100
0.125,0.03125,191.532376,1.2012629570254194,96.8703012327324,1.0752313463729837,57.66,0.20754456744214594,113.53,0.4608851825727873,192.53,1.0525059082345747,269.45,2.1073883976585472,321.87,3.03749813983399,100
0.125,0.04419417382415922,158.78526599999998,0.6720093652429122,76.66402667272575,0.6130999681400087,54.22,0.17785478130295862,97.52,0.28866813632490324,158.49,0.7141421356417712,218.96,1.180816358595727,262.44,1.628801381198438,100
0.125,0.0625,121.901098,0.34541552402627107,55.13848949919763,0.34538451126673164,48.41,0.10645338525534653,78.59,0.20845511592075483,120.1,0.36913767927783564,164.13,0.6452084464682243,197.38,0.9455670096280695,100
0.125,0.08838834764831845,93.06047000000001,0.1686875834047945,38.984740157252695,0.17448410746097887,42.28,0.08050346626579555,62.51,0.11414592822038346,90.89,0.21362432805126277,122.02,0.3321129173925487,146.79,0.4513268877387648,100
0.125,0.125,74.269674,0.09517001236617433,27.722547219433526,0.09736994983096345,38.85,0.0519809599951771,52.73,0.06333333333333334,72.22,0.12274635093014644,94.41,0.2040474296220208,112.54,0.2528304418443956,100
0.125,0.1767766952966369,63.14672,0.05481217766338079,19.811556042522273,0.060687917390228864,38.13,0.04181488788081164,48.01,0.04379705261980328,61.7,0.07453559924999298,77.12,0.11744760275944074,90.34,0.14854173307406396,100
0.125,0.25,57.229572,0.03737598202702973,14.704958480574064,0.049276517466900455,38.78,0.04163331998932267,46.15,0.035887028128263665,56.29,0.05558685986722931,67.31,0.07874649262672022,77.15,0.12091820425896227,100
0.125,0.3535533905932738,54.151754000000004,0.023016179966328553,11.483858042722975,0.035807350493465964,39.75,0.04351941398892446,45.96,0.024287836253956217,53.57,0.049756985195624305,61.88,0.05555959581268285,69.5,0.08226589066968623,100
0.125,0.5,52.553639999999994,0.015974244168901273,9.51985680311223,0.027719869881376195,40.66,0.04760952285695232,45.98,0.014070529413628973,52.05,0.021904291355759033,58.9,0.043808582711518065,65.14,0.058637733912420574,100
0.125,0.7071067811865476,51.76954800000001,0.014666944245307182,8.420247408949006,0.02705263139753202,41.05,0.021904291355759033,46.0,0.0,51.43,0.049756985195624305,57.26,0.0440844002276808,62.8,0.05860327153276883,100
0.125,1.0,51.365522,0.012342982268184945,7.803793596415854,0.024680708562367114,41.55,0.05,46.0,0.0,51.0,0.0,56.5,0.050251890762960605,61.53,0.0576562435842158,100
0.15,0.0009765625,171.99353599999998,2.0247908956806757,117.56006407870785,2.4191467881413864,30.85,0.22535045658446823,76.35,0.5767157099481599,154.52,1.4415535951454486,248.28,3.64531191942459,339.67,6.2865586127800634,100
0.15,0.0013810679320049757,169.67719,1.5662612682974342,113.39680815184563,1.9507616098322014,30.85,0.261840802894824,77.64,0.6245030347436595,155.41,1.3111098698847061,243.35,2.7677571782907178,333.58,5.04873581536342,100
0.15,0.001953125,170.73033999999998,1.9714556929765625,117.63268758266821,2.5755860491777343,31.24,0.2708460369980993,76.7,0.6054466587286254,151.6,1.3014366575970473,245.86,3.21555625362114,339.41,6.839385272748634,100
0.15,0.0027621358640099515,173.035408,1.5991841958302655,116.22668546898434,2.0065569335751827,31.89,0.2273674550061191,79.21,0.6012268601565779,156.73,1.2943431702698642,249.06,2.726259138249497,338.06,4.929909131049378,100
0.15,0.00390625,174.09263599999997,1.4358904130841281,115.76188336065448,1.9757798685439905,32.58,0.2188952980654256,81.17,0.6444878947386417,158.45,1.2063280120793318,250.43,2.57651612716384,339.83,5.466704637709961,100
0.15,0.005524271728019903,177.074666,1.7721657118152858,114.67526280242836,2.268257406337725,34.0,0.24822602928815024,82.96,0.6764315160898373,166.67,1.2950609361272654,254.23,2.953951470984128,337.75,5.492940832550355,100
0.15,0.0078125,179.68992999999998,1.564111865989221,115.48471778217422,1.969955458562189,35.35,0.22490177429448638,84.78,0.5758752670781436,168.25,1.5388815957235196,258.63,2.78243607384797,342.18,4.970872329598872,100
0.15,0.011048543456039806,176.199768,1.3811015088512764,105.51740235182821,1.5410527926745778,36.54,0.2231183949875451,88.59,0.5969780802364759,171.06,1.307771641635751,255.28,2.434311965930979,320.78,3.936710927829592,100
0.15,0.015625,171.925354,1.2948550687991254,100.14945429617215,1.3960241918663212,37.8,0.18586407545691702,88.25,0.46826026605689786,168.55,1.1860617286812791,250.33,2.251017951545882,308.14,3.6403191113312077,100
0.15,0.02209708691207961,160.032966,1.0800763080638556,88.35070470413086,1.1115314543796968,39.02,0.15240827677092483,86.16,0.3691978747326029,160.1,0.8533357007542918,231.39,1.9604109546498432,279.07,2.911983426248761,100
0.15,0.03125,146.004898,0.6762298342929262,75.91617565775718,0.6281663665319746,41.07,0.1505914266410202,83.8,0.31494748640355774,146.8,0.6446359868604572,207.18,1.1750246075222546,248.23,1.7394330319754403,100
0.15,0.04419417382415922,124.455518,0.4857150700706093,60.25396628816898,0.4691342347991223,41.9,0.12512619892159135,76.24,0.20798212821433876,124.56,0.433524433386902,172.17,0.848415635705219,205.7,1.2758439472669758,100
0.15,0.0625,101.979568,0.29059043659446476,44.98588044398635,0.28991234883274525,41.5,0.08468599159080073,66.6,0.13998556924183145,101.26,0.2883670500517623,136.57,0.5337602458033006,162.89,0.7709229677615153,100
0.15,0.08838834764831845,83.048198,0.14323775458779547,33.13730221503218,0.16763405559186254,39.64,0.06438520439863916,57.26,0.09600084174715143,81.56,0.1479284566364034,107.89,0.2957254391382915,128.36,0.4191188447929847,100
0.15,0.125,69.461858,0.07560578286337519,24.14180194304684,0.0837400333101558,38.26,0.05245488682206025,50.89,0.07091750791795301,68.09,0.1110964636810022,87.09,0.14845670729001753,102.4,0.2127264093913242,100
0.15,0.1767766952966369,61.13613599999999,0.05530847509389604,17.953665495745184,0.0651948549504313,38.18,0.04353101761904372,47.57,0.05174724898753341,60.19,0.06620293258480535,73.82,0.12258165697306685,85.52,0.16725955152324656,100
0.15,0.25,56.296494,0.03317965793444026,13.699026005406527,0.04650879473642916,38.95,0.026111648393354676,46.11,0.031446603773522014,55.6,0.0492365963917331,65.75,0.07436600722307894,74.63,0.1060350618589641,100
0.15,0.3535533905932738,53.764294,0.02151810916085763,11.007151614319403,0.0324821859159178,39.96,0.019694638556693237,45.97,0.017144660799776532,53.16,0.036845294917747066,61.12,0.04980771105770752,68.44,0.07696253844067466,100
0.15,0.5,52.371144,0.01575091649217381,9.260081372414446,0.028014437450833624,40.84,0.036845294917747066,45.97,0.017144660799776532,52.0,0.0,58.51,0.05024183937956913,64.57,0.06396811074214395,100
0.15,0.7071067811865476,51.63264,0.011938345316202276,8.19853899541619,0.021551696420160703,41.1,0.03015113445777635,46.0,0.0,51.23,0.04229525846816506,57.07,0.02564323999762428,62.33,0.049349301265099337,100
0.15,1.0,51.305794,0.01258992139961503,7.698251835024429,0.021697788404504956,41.66,0.04760952285695232,46.0,0.0,51.01,0.010000000000000002,56.36,0.048241815132442176,61.34,0.05545040554177647,100
0.175,0.0009765625,130.56584,1.2086815888797884,91.51970566066205,1.8084674122442166,23.75,0.17371461561068396,57.4,0.3771236166328253,115.88,0.9111298347423247,185.39,2.0245411002660987,258.98,3.606951201457676,100
0.175,0.0013810679320049757,128.5583,1.0295019940973913,87.6066580011604,1.3587016892195523,24.44,0.18765969630200732,57.68,0.38947776482480906,115.55,0.8486918037649345,184.12,1.8185508716357845,253.97,3.4023893862039856,100
0.175,0.001953125,128.366066,0.9930298566276743,87.49933472043644,1.383855957666826,24.55,0.17716909687891083,59.07,0.3388199963092348,114.67,0.8054178914066782,182.65,1.6790073426181482,250.72,3.2873519477358712,100
0.175,0.0027621358640099515,130.848814,1.208979807092582,89.15678030884538,1.6750932810807861,24.71,0.15782294132375307,59.18,0.4016078795154409,117.76,0.8721412173669485,186.66,1.948022566396991,258.23,4.839084457192124,100
0.175,0.00390625,129.843594,0.9948273826916768,85.81790013145246,1.3381353662302138,25.74,0.17210520625536582,60.77,0.3642773391222405,118.47,0.7730896951632953,185.33,1.7728624916054305,251.06,3.1795374798637908,100
0.175,0.005524271728019903,133.492898,1.0550621977146295,86.35697479074732,1.2799877315077806,26.5,0.15602382620431515,62.68,0.4089602484942575,123.67,0.8555292531704003,191.7,1.8637151991209238,256.32,3.485377245787684,100
0.175,0.0078125,135.063384,1.0913983016173205,85.82198456424918,1.3676704181581218,27.4,0.1601766701382123,64.31,0.37623735255094687,126.98,0.9419494078073869,193.53,2.0105507060042385,255.53,3.8480076177500777,100
0.175,0.011048543456039806,132.672256,1.0303615222091378,80.84285538920676,1.166789978815676,28.53,0.1566408747305876,65.98,0.3567473712148232,126.98,0.9649388948047803,190.7,1.7822072343761335,244.29,2.965195242860549,100
0.175,0.015625,131.265128,1.024975641074519,78.23874827135843,1.2288923593656058,29.29,0.13279816841867034,66.11,0.28101367736942423,126.15,0.7490566457791149,190.62,1.8268358691818194,239.66,3.113808282505848,100
0.175,0.02209708691207961,124.218164,0.6428109494417956,68.97101703660316,0.6936618660020277,30.49,0.12267638301439665,66.13,0.23980421306987204,123.34,0.619745793438607,179.77,1.2147955724434802,217.65,1.90943299003509,100
0.175,0.03125,114.439612,0.5516671679999188,59.56094125407581,0.5516979891989582,32.47,0.10195562512656912,65.26,0.21771077097373887,114.49,0.49102963353559526,162.53,1.0387886301754645,194.76,1.4686020288668813,100
0.175,0.04419417382415922,101.912042,0.3998481144492824,48.99759007795799,0.38243537771129976,34.98,0.08873977391647711,62.27,0.15298709260931295,101.72,0.3504917180825311,140.92,0.7536684692994405,168.08,1.041335583748005,100
0.175,0.0625,88.28995,0.19375075700862215,38.12429419580585,0.20465301604966935,37.09,0.0668104510060841,58.17,0.12065059327067418,87.67,0.19387333155147635,117.67,0.36654405663514106,139.75,0.5455744817635033,100
0.175,0.08838834764831845,74.94655399999999,0.11691042600178647,28.21110318252076,0.1224216932634273,37.84,0.0506921785850339,53.14,0.07388224318864349,74.02,0.13852031904337642,95.92,0.22682703774132626,113.23,0.32125228451021215,100
0.175,0.125,65.555594,0.06135463039040684,21.256696117216478,0.08174268639411823,37.95,0.04578165130223675,49.41,0.05876678784428628,64.75,0.07159792333764037,81.03,0.12984450685183396,94.24,0.2055394479083386,100
0.175,0.1767766952966369,59.220879999999994,0.046968508684871,16.2204953373338,0.060594278918891895,38.33,0.049349301265099337,47.07,0.03258245174347936,58.48,0.05592202363356254,70.71,0.09774735523043811,81.03,0.14103155317126376,100
0.175,0.25,55.436732,0.02826370184851613,12.733506805770022,0.0410445360736423,39.2,0.04020151261036849,46.14,0.0348735088019777,54.88,0.040898988651643604,64.18,0.06872577626503992,72.48,0.09896433394884943,100
0.175,0.3535533905932738,53.380551999999994,0.021148168795286696,10.471285724800971,0.03336183411548958,40.06,0.023868325657594204,45.99,0.010000000000000004,53.0,0.0,60.45,0.05388914922357194,67.18,0.078341392235355,100
0.175,0.5,52.22467400000001,0.014570067463776221,9.047952942524645,0.025745989951483795,40.88,0.032659863237109045,45.98,0.014070529413628973,52.0,0.01421338109037403,58.18,0.04353101761904372,64.06,0.06327748733981466,100
0.175,0.7071067811865476,51.591442,0.01201089885365485,8.134657748241098,0.022219240952279475,41.14,0.0348735088019777,46.0,0.0,51.14,0.034873508801977704,57.01,0.022450844172110858,62.2,0.05318160234783105,100
0.175,1.0,51.278614,0.012510062941003906,7.653845459522852,0.02335156321231788,41.72,0.04512608598542131,46.0,0.0,51.0,0.0,56.25,0.04351941398892446,61.24,0.05340903718028674,100
0.2,0.0009765625,100.55123999999999,0.7654310543039977,67.19871975622469,1.11457566503792,21.49,0.13295020712942712,47.07,0.2948223227983289,90.25,0.6040895980102972,141.61,1.1991491091013602,195.28,2.7525224427749535,100
0.2,0.0013810679320049757,102.496284,0.8914434344192184,70.01428163892132,1.2747102205734446,21.41,0.11899834478095088,46.85,0.2790224638869339,90.53,0.6168435454764519,144.29,1.4812835684300998,201.8,2.840330041997716,100
0.2,0.001953125,102.762642,0.7731843213818206,68.43237206676432,1.0443181382191342,21.51,0.12592686670276426,47.45,0.25951586627504075,92.52,0.6514133817626053,145.94,1.3148583669933904,199.37,2.698770951093228,100
0.2,0.0027621358640099515,103.455264,0.6839311181033815,69.14741543798029,0.9917260500731038,21.9,0.13142574813455418,48.06,0.23818336031577253,92.35,0.564143222734773,146.94,1.2438795615478067,201.6,2.4458994751265317,100
0.2,0.00390625,104.081316,0.8192480458269971,68.04500473686736,1.1797183338257609,22.49,0.12267638301439665,49.52,0.2544473115272282,94.38,0.6400410340380727,147.64,1.3950504136287178,199.78,2.5983125837412793,100
0.2,0.005524271728019903,106.253292,0.7379456821072725,68.13347127690402,1.0209813450036211,23.27,0.12859379314867275,50.68,0.2620355438917138,97.6,0.6730002176294544,151.58,1.345263295170627,201.13,2.3512152456364204,100
0.2,0.0078125,106.83386,0.748123207956302,66.70037319743024,0.9275120937975407,24.17,0.13488116730266417,52.35,0.2520121048880411,99.63,0.6309612676005725,151.94,1.380807844354276,199.87,2.3875796036229584,100
0.2,0.011048543456039806,106.55870399999999,0.6465333475723203,63.84363894619109,0.8747951238703804,25.05,0.12007993970348221,53.71,0.28294804462939116,102.24,0.6757143619828565,151.2,1.1596760258143155,193.97,2.2572198417835634,100
0.2,0.015625,104.51520000000001,0.5608931382476822,59.815496305970036,0.6892373950711704,26.07,0.1174260996920569,54.81,0.24108131827290563,101.4,0.5295319068800673,149.33,0.9852503142948912,186.46,1.8099288450771827,100
0.2,0.02209708691207961,100.054108,0.529817566874722,54.24457861529888,0.6441178793729231,27.26,0.1001211387482305,54.4,0.19847906537954926,98.67,0.4228462958321734,143.21,0.9799293934573123,173.81,1.6642221466905653,100
0.2,0.03125,94.648742,0.3969350193599741,48.10647583535011,0.4270695655782462,29.3,0.08468599159080073,54.66,0.1505679483512579,94.23,0.3323789367209625,133.31,0.6813081594115896,159.87,1.1550202237068048,100
0.2,0.04419417382415922,86.16515600000001,0.2749787594894257,39.71288613274989,0.2815539133122305,32.23,0.0694203998777875,53.96,0.10436919705032366,86.13,0.24604138602349734,117.72,0.5150424126891754,139.55,0.758836829188814,100
0.2,0.0625,77.68122,0.1775626624802374,31.884039581665423,0.18711007549418146,34.96,0.07374539876076228,52.6,0.09949366763261822,77.27,0.18138357147217052,102.21,0.3385336770618996,120.65,0.5043998333853729,100
0.2,0.08838834764831845,69.217984,0.09626354203272844,24.61203353669259,0.10248556841096072,36.83,0.05695115752497347,50.22,0.06901910144037202,68.62,0.11351144649262683,87.63,0.18458525718950902,102.36,0.26496426288475317,100
0.2,0.125,62.42526,0.06518663211165773,18.919002871795715,0.07559553897542653,37.87,0.048523658709390974,48.15,0.0519809599951771,61.81,0.0837203135988567,76.08,0.1292402038958091,87.9,0.17724034928351223,100
0.2,0.1767766952966369,57.77650800000001,0.03567119205728731,14.915749227503316,0.048911727109461386,38.66,0.04968588198559897,46.8,0.04264014327112209,57.2,0.055048188256318034,68.3,0.0758786910639328,77.71,0.11659738202442409,100
0.2,0.25,54.790018,0.02747286192193703,12.0178579853327,0.036063068769043256,39.55,0.05,46.04,0.019694638556693237,54.25,0.04351941398892446,62.96,0.06343691688790074,70.81,0.08250497383231335,100
0.2,0.3535533905932738,53.068304,0.018598134908119353,10.093270552134415,0.027034761277580678,40.14,0.034873508801977704,46.0,0.0,52.77,0.042295258468165065,59.82,0.045792681696639005,66.33,0.06971080231639827,100
0.2,0.5,52.028494,0.017526811197347763,8.77592963835252,0.03172854443840356,41.0,0.01421338109037403,46.0,0.0,51.84,0.036845294917747066,57.9,0.041438770700537406,63.52,0.06739001514626733,100
0.2,0.7071067811865476,51.536964,0.013606722159256146,8.063162078243753,0.024656389499484396,41.23,0.04229525846816506,46.0,0.0,51.14,0.0348735088019777,56.88,0.03834979883528818,62.09,0.057022058464379834,100
0.2,1.0,51.264503999999995,0.01218064982426693,7.637110829748251,0.023364773913307373,41.7,0.046056618647183835,46.0,0.0,51.0,0.0,56.28,0.04512608598542131,61.24,0.055267942376620596,100
